0,1
Is opted out from seeing ads off Meta,False
Is the Digital Advertising Alliance opt-out cookie present in any browser,True
Is opted out of using data about interactions between the user and third party sites,False
Is opted out of using relationship status to target ads,False
Is opted out of using religious views to target ads,True
Is opted out of using interests to target ads,True
"Is opted out of using education information (school, college year, field of study, etc.) to target ads",False
Is opted out of using their employer to target ads,False
Is opted out of using their job title to target ads,False
Is opted out of using political views to target ads,True
Is opted out of third party data at the user level,False
"Ads interestsNameOnline shoppingNameLuxury goodsNameHome AppliancesNameInterior designNameAssociation football (Soccer)NameVideo gamesNameBarsNameEntertainmentNameSportsNameShoesNameWestern swingNameMoisturizerNameCurrent eventsNameArts and musicNameYouTubeNameHome improvementNameCookingNameMusicNameFoodNameFacebookNameInstagramNameBurberryNameMoviesNameSelf-esteemNameCologneNameFine artNameChildren's clothingNameFitness and wellnessNameIndividualNameCelebrityNameModern furnitureNamePhysical fitnessNamePhotographNameGamesNameOperaNameHair productsNameWalkingNameSales promotionNameAndroid (operating system)NameShoppingNameBooksNameDo it yourself (DIY)NameRetailNameStreetwearNameHousekeepingNameIOSNameCouponsNameRappingNameScienceNameRunning Man (TV series)NameNhacCuaTui.comNameFerrariNameTheatreNameFurnitureNameWorld Wide WebNameCultureNameDanceNameTV reality showsNameMultinational corporationNameWineNameBusinessNameBasketballNameCoffeeNameShavingNameCompetitionNameAestheticsNameRecipesNameBoutiquesNameFootwearNameStand-up comedyNameVideoNamePhysical exerciseNameLacosteNameSmartphonesNameGoogleNameK-popNameSunglassesNamePopular musicNamePrintingNameTaiwanese HokkienNameWebsiteNameHappinessNameT-shirtNameMarketingNameHobbyNameDistribution (business)NameEnglish languageNameKnowledgeNameRestaurantsNameSweaterNameReady-to-assemble furnitureNamePersonal developmentNameNightclubsNameHumourNameRunningNameLearningNameIndiegogoNameNews broadcastingNameReal Madrid C.F.NameTennisNameYogaNameClothingNameIKEANameFashion accessoriesNameMass mediaNameBreaking newsNamePaintingNameVersaceNameNordicTrackNameNightlifeNameBig Bang (South Korean band)NameMattressNameTeam sportNameMachineNameQuality of lifeNameSandalNameFootballNameMobile phonesNameLeisureNameBeauty salonsNameManufacturingNameEngineeringNameToni KroosNameShopping mallsNameKate Spade New YorkNameMotivationNameAffiliate marketingNameK-pop StarNameJournalismNameFolding chairNameWikipediaNameHandbagsNameCrossFitNameLoveNameHistoryNameComputer networkNameHouse partyNameWoodNameWarehouseNameBig-box storeNameStreet fashionNameSound recording and reproductionNameJapanese television dramaNameOrganizationNameHairstyleNameRecreationNameComputer hardwareNameSports clubNameFC BarcelonaNameDigital mediaNameFC Zenit Saint PetersburgNameLa LigaNameEyewearNameInfant bedNameAdidasNamePhysical strengthNameCosmeticsNameJewelryNameEmpowermentNameSocial networkNameComputingNameOnlineNameWilson Sporting GoodsNameComedy moviesNameLindy HopNameAdvertisingNameWeb portalNameCoachingNamePersonal careNameBedroom furnitureNameSelf-confidenceNameBlues musicNamePorscheNameNike, Inc.NameSocietyNameChampion (sportswear)NameSocial mediaNameHome DeliveryNameCommunication designNameCuisineNameUniqloNameLanguageNameKenh14.vnNameMobile appNameThe SPORT BibleNameKorean dramaNameFerruccio LamborghiniNameSelf-awarenessNameDetergentNameTicket (admission)NameSalesNameProduct designNameSports equipmentNameMedieval TimesNameSpring cleaningNameIrving, TexasNameOdorNameReebokNameFactoryNameCandleNameSportswear (activewear)NameCommunicationNameWell-beingNameHome repairNameArchitectureNameBluegrass musicNameCommercial cleaningNameClassical musicNameTom FordNameFragrancesNameBroadcastingNameDesignNameWardrobeNameEconomicsNameBelgium national football teamNameLamborghiniNameEnergySolutions ArenaNameVictoria's Secret PinkNameSocial danceNameTreadmillNameLamborghini HuracánNameTimeNameStrength trainingNameBossa novaNameNBCNameStandard LiègeNameEthan Allen (furniture company)NameUS Open (tennis)NameLogan, UtahNameStyle SavvyNameBadmintonNameSupercarNameMetropolitan OperaNameLifestyle brandNameBraceletNameSan AntonioNameGarden furnitureNameWolfgang Amadeus MozartNameGivenchyNameFC Bayern MunichNameBorussia DortmundNameElectronic gameNameIndustrial designNameTable tennisNameWomanNameMartial artsNameAdventureNameL.L.BeanNameVitra (furniture)NameAssociation of Tennis ProfessionalsNameThe Perfume ShopNameVideo ClipNameTVNameCompetitive danceNameLocal newsNameSwing (dance)NameChristian DiorNameESPNNameRich Froning Jr.NameDavid SpadeNameWatchNameTuấn HưngNameCosmetologyNamePrintmakingNameAshley Furniture HomeStoresNameJapanNameCleanlinessNameBedNameSoundtrackNameGardeningNameUEFANameCrowdfundingNamePrivately held companyNameAfrobeatNameAll-news radioNameVictoria's SecretNameOnce Upon a Time (TV series)NameVietnamNameZara HomeNameHair removalNameClockNameClassical antiquityNameExercise machineNameAllkpopNameKate SpadeNameScottsdale, ArizonaNameBongda24h.vnNameSoapNameEyebrowNameHertha BSCNameHoodieNameWastedNameClassical period (music)NamePradaNamePaperNameJohn WilliamsNameOutlet storeNameMasculinityNameKickstarterNameDancesportNameLatin jazzNameDisplay deviceNameWeb serverNameATP World TourNameShiseidoNameStudents' unionNameSouth KoreaNameArizona State UniversityNameDAXNameEurosportNameEmploymentNameEnvironmental remediationNameTroll Bóng ĐáNameVoucherNameCoco ChanelNameElliptical trainerNameAvant-garde jazzNameJazz musicNameBallroom danceNameSunseekerNameBath & Body WorksNamePerforming artsNameSporting NewsNameThermostatNameGiveMeSportNameDuke EllingtonNameMovie theaterNamePink (Victoria's Secret)NameAir freshenerNameChinese languageNameTraditionNameNgo Thanh VanNameHeadboard (furniture)NameHistory of EuropeNameMusic genreNameAncient EgyptNameMambo (music)NameS.L. BenficaNameChairNameAFC WimbledonNameElliptiGONameGeorgia (U.S. state)NameParfums GivenchyNameTVBNameAmerican folk musicNameSkin careNameDecorative artsNameAtlantaNameNovak DjokovicNameAtlanta metropolitan areaNameUEFA European ChampionshipNameStationeryNameToms ShoesNameInformationNameDinner theaterNameAcid jazzNameChanelNameSelf-loveNameAshley Furniture IndustriesNamePoint of saleNameManila SoundNameTravelNameTable (furniture)NameSofa bedNameFINANameSkaNameVogue (magazine)NameMill (grinding)NameAxel WitselNameSketch comedyNameBebe StoresNameRafael NadalNameG-DragonNameSwing musicNameKiwi CrateNameCrouching Tiger, Hidden Dragon","Ads interestsNameOnline shoppingNameLuxury goodsNameHome AppliancesNameInterior designNameAssociation football (Soccer)NameVideo gamesNameBarsNameEntertainmentNameSportsNameShoesNameWestern swingNameMoisturizerNameCurrent eventsNameArts and musicNameYouTubeNameHome improvementNameCookingNameMusicNameFoodNameFacebookNameInstagramNameBurberryNameMoviesNameSelf-esteemNameCologneNameFine artNameChildren's clothingNameFitness and wellnessNameIndividualNameCelebrityNameModern furnitureNamePhysical fitnessNamePhotographNameGamesNameOperaNameHair productsNameWalkingNameSales promotionNameAndroid (operating system)NameShoppingNameBooksNameDo it yourself (DIY)NameRetailNameStreetwearNameHousekeepingNameIOSNameCouponsNameRappingNameScienceNameRunning Man (TV series)NameNhacCuaTui.comNameFerrariNameTheatreNameFurnitureNameWorld Wide WebNameCultureNameDanceNameTV reality showsNameMultinational corporationNameWineNameBusinessNameBasketballNameCoffeeNameShavingNameCompetitionNameAestheticsNameRecipesNameBoutiquesNameFootwearNameStand-up comedyNameVideoNamePhysical exerciseNameLacosteNameSmartphonesNameGoogleNameK-popNameSunglassesNamePopular musicNamePrintingNameTaiwanese HokkienNameWebsiteNameHappinessNameT-shirtNameMarketingNameHobbyNameDistribution (business)NameEnglish languageNameKnowledgeNameRestaurantsNameSweaterNameReady-to-assemble furnitureNamePersonal developmentNameNightclubsNameHumourNameRunningNameLearningNameIndiegogoNameNews broadcastingNameReal Madrid C.F.NameTennisNameYogaNameClothingNameIKEANameFashion accessoriesNameMass mediaNameBreaking newsNamePaintingNameVersaceNameNordicTrackNameNightlifeNameBig Bang (South Korean band)NameMattressNameTeam sportNameMachineNameQuality of lifeNameSandalNameFootballNameMobile phonesNameLeisureNameBeauty salonsNameManufacturingNameEngineeringNameToni KroosNameShopping mallsNameKate Spade New YorkNameMotivationNameAffiliate marketingNameK-pop StarNameJournalismNameFolding chairNameWikipediaNameHandbagsNameCrossFitNameLoveNameHistoryNameComputer networkNameHouse partyNameWoodNameWarehouseNameBig-box storeNameStreet fashionNameSound recording and reproductionNameJapanese television dramaNameOrganizationNameHairstyleNameRecreationNameComputer hardwareNameSports clubNameFC BarcelonaNameDigital mediaNameFC Zenit Saint PetersburgNameLa LigaNameEyewearNameInfant bedNameAdidasNamePhysical strengthNameCosmeticsNameJewelryNameEmpowermentNameSocial networkNameComputingNameOnlineNameWilson Sporting GoodsNameComedy moviesNameLindy HopNameAdvertisingNameWeb portalNameCoachingNamePersonal careNameBedroom furnitureNameSelf-confidenceNameBlues musicNamePorscheNameNike, Inc.NameSocietyNameChampion (sportswear)NameSocial mediaNameHome DeliveryNameCommunication designNameCuisineNameUniqloNameLanguageNameKenh14.vnNameMobile appNameThe SPORT BibleNameKorean dramaNameFerruccio LamborghiniNameSelf-awarenessNameDetergentNameTicket (admission)NameSalesNameProduct designNameSports equipmentNameMedieval TimesNameSpring cleaningNameIrving, TexasNameOdorNameReebokNameFactoryNameCandleNameSportswear (activewear)NameCommunicationNameWell-beingNameHome repairNameArchitectureNameBluegrass musicNameCommercial cleaningNameClassical musicNameTom FordNameFragrancesNameBroadcastingNameDesignNameWardrobeNameEconomicsNameBelgium national football teamNameLamborghiniNameEnergySolutions ArenaNameVictoria's Secret PinkNameSocial danceNameTreadmillNameLamborghini HuracánNameTimeNameStrength trainingNameBossa novaNameNBCNameStandard LiègeNameEthan Allen (furniture company)NameUS Open (tennis)NameLogan, UtahNameStyle SavvyNameBadmintonNameSupercarNameMetropolitan OperaNameLifestyle brandNameBraceletNameSan AntonioNameGarden furnitureNameWolfgang Amadeus MozartNameGivenchyNameFC Bayern MunichNameBorussia DortmundNameElectronic gameNameIndustrial designNameTable tennisNameWomanNameMartial artsNameAdventureNameL.L.BeanNameVitra (furniture)NameAssociation of Tennis ProfessionalsNameThe Perfume ShopNameVideo ClipNameTVNameCompetitive danceNameLocal newsNameSwing (dance)NameChristian DiorNameESPNNameRich Froning Jr.NameDavid SpadeNameWatchNameTuấn HưngNameCosmetologyNamePrintmakingNameAshley Furniture HomeStoresNameJapanNameCleanlinessNameBedNameSoundtrackNameGardeningNameUEFANameCrowdfundingNamePrivately held companyNameAfrobeatNameAll-news radioNameVictoria's SecretNameOnce Upon a Time (TV series)NameVietnamNameZara HomeNameHair removalNameClockNameClassical antiquityNameExercise machineNameAllkpopNameKate SpadeNameScottsdale, ArizonaNameBongda24h.vnNameSoapNameEyebrowNameHertha BSCNameHoodieNameWastedNameClassical period (music)NamePradaNamePaperNameJohn WilliamsNameOutlet storeNameMasculinityNameKickstarterNameDancesportNameLatin jazzNameDisplay deviceNameWeb serverNameATP World TourNameShiseidoNameStudents' unionNameSouth KoreaNameArizona State UniversityNameDAXNameEurosportNameEmploymentNameEnvironmental remediationNameTroll Bóng ĐáNameVoucherNameCoco ChanelNameElliptical trainerNameAvant-garde jazzNameJazz musicNameBallroom danceNameSunseekerNameBath & Body WorksNamePerforming artsNameSporting NewsNameThermostatNameGiveMeSportNameDuke EllingtonNameMovie theaterNamePink (Victoria's Secret)NameAir freshenerNameChinese languageNameTraditionNameNgo Thanh VanNameHeadboard (furniture)NameHistory of EuropeNameMusic genreNameAncient EgyptNameMambo (music)NameS.L. BenficaNameChairNameAFC WimbledonNameElliptiGONameGeorgia (U.S. state)NameParfums GivenchyNameTVBNameAmerican folk musicNameSkin careNameDecorative artsNameAtlantaNameNovak DjokovicNameAtlanta metropolitan areaNameUEFA European ChampionshipNameStationeryNameToms ShoesNameInformationNameDinner theaterNameAcid jazzNameChanelNameSelf-loveNameAshley Furniture IndustriesNamePoint of saleNameManila SoundNameTravelNameTable (furniture)NameSofa bedNameFINANameSkaNameVogue (magazine)NameMill (grinding)NameAxel WitselNameSketch comedyNameBebe StoresNameRafael NadalNameG-DragonNameSwing musicNameKiwi CrateNameCrouching Tiger, Hidden Dragon"
NameOnline shopping,NameOnline shopping
NameLuxury goods,NameLuxury goods
NameHome Appliances,NameHome Appliances
NameInterior design,NameInterior design
NameAssociation football (Soccer),NameAssociation football (Soccer)
NameVideo games,NameVideo games
NameBars,NameBars
NameEntertainment,NameEntertainment
NameSports,NameSports
NameShoes,NameShoes
NameWestern swing,NameWestern swing
NameMoisturizer,NameMoisturizer
NameCurrent events,NameCurrent events
NameArts and music,NameArts and music
NameYouTube,NameYouTube
NameHome improvement,NameHome improvement
NameCooking,NameCooking
NameMusic,NameMusic
NameFood,NameFood
NameFacebook,NameFacebook
NameInstagram,NameInstagram
NameBurberry,NameBurberry
NameMovies,NameMovies
NameSelf-esteem,NameSelf-esteem
NameCologne,NameCologne
NameFine art,NameFine art
NameChildren's clothing,NameChildren's clothing
NameFitness and wellness,NameFitness and wellness
NameIndividual,NameIndividual
NameCelebrity,NameCelebrity
NameModern furniture,NameModern furniture
NamePhysical fitness,NamePhysical fitness
NamePhotograph,NamePhotograph
NameGames,NameGames
NameOpera,NameOpera
NameHair products,NameHair products
NameWalking,NameWalking
NameSales promotion,NameSales promotion
NameAndroid (operating system),NameAndroid (operating system)
NameShopping,NameShopping
NameBooks,NameBooks
NameDo it yourself (DIY),NameDo it yourself (DIY)
NameRetail,NameRetail
NameStreetwear,NameStreetwear
NameHousekeeping,NameHousekeeping
NameIOS,NameIOS
NameCoupons,NameCoupons
NameRapping,NameRapping
NameScience,NameScience
NameRunning Man (TV series),NameRunning Man (TV series)
NameNhacCuaTui.com,NameNhacCuaTui.com
NameFerrari,NameFerrari
NameTheatre,NameTheatre
NameFurniture,NameFurniture
NameWorld Wide Web,NameWorld Wide Web
NameCulture,NameCulture
NameDance,NameDance
NameTV reality shows,NameTV reality shows
NameMultinational corporation,NameMultinational corporation
NameWine,NameWine
NameBusiness,NameBusiness
NameBasketball,NameBasketball
NameCoffee,NameCoffee
NameShaving,NameShaving
NameCompetition,NameCompetition
NameAesthetics,NameAesthetics
NameRecipes,NameRecipes
NameBoutiques,NameBoutiques
NameFootwear,NameFootwear
NameStand-up comedy,NameStand-up comedy
NameVideo,NameVideo
NamePhysical exercise,NamePhysical exercise
NameLacoste,NameLacoste
NameSmartphones,NameSmartphones
NameGoogle,NameGoogle
NameK-pop,NameK-pop
NameSunglasses,NameSunglasses
NamePopular music,NamePopular music
NamePrinting,NamePrinting
NameTaiwanese Hokkien,NameTaiwanese Hokkien
NameWebsite,NameWebsite
NameHappiness,NameHappiness
NameT-shirt,NameT-shirt
NameMarketing,NameMarketing
NameHobby,NameHobby
NameDistribution (business),NameDistribution (business)
NameEnglish language,NameEnglish language
NameKnowledge,NameKnowledge
NameRestaurants,NameRestaurants
NameSweater,NameSweater
NameReady-to-assemble furniture,NameReady-to-assemble furniture
NamePersonal development,NamePersonal development
NameNightclubs,NameNightclubs
NameHumour,NameHumour
NameRunning,NameRunning
NameLearning,NameLearning
NameIndiegogo,NameIndiegogo
NameNews broadcasting,NameNews broadcasting
NameReal Madrid C.F.,NameReal Madrid C.F.
NameTennis,NameTennis
NameYoga,NameYoga
NameClothing,NameClothing
NameIKEA,NameIKEA
NameFashion accessories,NameFashion accessories
NameMass media,NameMass media
NameBreaking news,NameBreaking news
NamePainting,NamePainting
NameVersace,NameVersace
NameNordicTrack,NameNordicTrack
NameNightlife,NameNightlife
NameBig Bang (South Korean band),NameBig Bang (South Korean band)
NameMattress,NameMattress
NameTeam sport,NameTeam sport
NameMachine,NameMachine
NameQuality of life,NameQuality of life
NameSandal,NameSandal
NameFootball,NameFootball
NameMobile phones,NameMobile phones
NameLeisure,NameLeisure
NameBeauty salons,NameBeauty salons
NameManufacturing,NameManufacturing
NameEngineering,NameEngineering
NameToni Kroos,NameToni Kroos
NameShopping malls,NameShopping malls
NameKate Spade New York,NameKate Spade New York
NameMotivation,NameMotivation
NameAffiliate marketing,NameAffiliate marketing
NameK-pop Star,NameK-pop Star
NameJournalism,NameJournalism
NameFolding chair,NameFolding chair
NameWikipedia,NameWikipedia
NameHandbags,NameHandbags
NameCrossFit,NameCrossFit
NameLove,NameLove
NameHistory,NameHistory
NameComputer network,NameComputer network
NameHouse party,NameHouse party
NameWood,NameWood
NameWarehouse,NameWarehouse
NameBig-box store,NameBig-box store
NameStreet fashion,NameStreet fashion
NameSound recording and reproduction,NameSound recording and reproduction
NameJapanese television drama,NameJapanese television drama
NameOrganization,NameOrganization
NameHairstyle,NameHairstyle
NameRecreation,NameRecreation
NameComputer hardware,NameComputer hardware
NameSports club,NameSports club
NameFC Barcelona,NameFC Barcelona
NameDigital media,NameDigital media
NameFC Zenit Saint Petersburg,NameFC Zenit Saint Petersburg
NameLa Liga,NameLa Liga
NameEyewear,NameEyewear
NameInfant bed,NameInfant bed
NameAdidas,NameAdidas
NamePhysical strength,NamePhysical strength
NameCosmetics,NameCosmetics
NameJewelry,NameJewelry
NameEmpowerment,NameEmpowerment
NameSocial network,NameSocial network
NameComputing,NameComputing
NameOnline,NameOnline
NameWilson Sporting Goods,NameWilson Sporting Goods
NameComedy movies,NameComedy movies
NameLindy Hop,NameLindy Hop
NameAdvertising,NameAdvertising
NameWeb portal,NameWeb portal
NameCoaching,NameCoaching
NamePersonal care,NamePersonal care
NameBedroom furniture,NameBedroom furniture
NameSelf-confidence,NameSelf-confidence
NameBlues music,NameBlues music
NamePorsche,NamePorsche
"NameNike, Inc.","NameNike, Inc."
NameSociety,NameSociety
NameChampion (sportswear),NameChampion (sportswear)
NameSocial media,NameSocial media
NameHome Delivery,NameHome Delivery
NameCommunication design,NameCommunication design
NameCuisine,NameCuisine
NameUniqlo,NameUniqlo
NameLanguage,NameLanguage
NameKenh14.vn,NameKenh14.vn
NameMobile app,NameMobile app
NameThe SPORT Bible,NameThe SPORT Bible
NameKorean drama,NameKorean drama
NameFerruccio Lamborghini,NameFerruccio Lamborghini
NameSelf-awareness,NameSelf-awareness
NameDetergent,NameDetergent
NameTicket (admission),NameTicket (admission)
NameSales,NameSales
NameProduct design,NameProduct design
NameSports equipment,NameSports equipment
NameMedieval Times,NameMedieval Times
NameSpring cleaning,NameSpring cleaning
"NameIrving, Texas","NameIrving, Texas"
NameOdor,NameOdor
NameReebok,NameReebok
NameFactory,NameFactory
NameCandle,NameCandle
NameSportswear (activewear),NameSportswear (activewear)
NameCommunication,NameCommunication
NameWell-being,NameWell-being
NameHome repair,NameHome repair
NameArchitecture,NameArchitecture
NameBluegrass music,NameBluegrass music
NameCommercial cleaning,NameCommercial cleaning
NameClassical music,NameClassical music
NameTom Ford,NameTom Ford
NameFragrances,NameFragrances
NameBroadcasting,NameBroadcasting
NameDesign,NameDesign
NameWardrobe,NameWardrobe
NameEconomics,NameEconomics
NameBelgium national football team,NameBelgium national football team
NameLamborghini,NameLamborghini
NameEnergySolutions Arena,NameEnergySolutions Arena
NameVictoria's Secret Pink,NameVictoria's Secret Pink
NameSocial dance,NameSocial dance
NameTreadmill,NameTreadmill
NameLamborghini Huracán,NameLamborghini Huracán
NameTime,NameTime
NameStrength training,NameStrength training
NameBossa nova,NameBossa nova
NameNBC,NameNBC
NameStandard Liège,NameStandard Liège
NameEthan Allen (furniture company),NameEthan Allen (furniture company)
NameUS Open (tennis),NameUS Open (tennis)
"NameLogan, Utah","NameLogan, Utah"
NameStyle Savvy,NameStyle Savvy
NameBadminton,NameBadminton
NameSupercar,NameSupercar
NameMetropolitan Opera,NameMetropolitan Opera
NameLifestyle brand,NameLifestyle brand
NameBracelet,NameBracelet
NameSan Antonio,NameSan Antonio
NameGarden furniture,NameGarden furniture
NameWolfgang Amadeus Mozart,NameWolfgang Amadeus Mozart
NameGivenchy,NameGivenchy
NameFC Bayern Munich,NameFC Bayern Munich
NameBorussia Dortmund,NameBorussia Dortmund
NameElectronic game,NameElectronic game
NameIndustrial design,NameIndustrial design
NameTable tennis,NameTable tennis
NameWoman,NameWoman
NameMartial arts,NameMartial arts
NameAdventure,NameAdventure
NameL.L.Bean,NameL.L.Bean
NameVitra (furniture),NameVitra (furniture)
NameAssociation of Tennis Professionals,NameAssociation of Tennis Professionals
NameThe Perfume Shop,NameThe Perfume Shop
NameVideo Clip,NameVideo Clip
NameTV,NameTV
NameCompetitive dance,NameCompetitive dance
NameLocal news,NameLocal news
NameSwing (dance),NameSwing (dance)
NameChristian Dior,NameChristian Dior
NameESPN,NameESPN
NameRich Froning Jr.,NameRich Froning Jr.
NameDavid Spade,NameDavid Spade
NameWatch,NameWatch
NameTuấn Hưng,NameTuấn Hưng
NameCosmetology,NameCosmetology
NamePrintmaking,NamePrintmaking
NameAshley Furniture HomeStores,NameAshley Furniture HomeStores
NameJapan,NameJapan
NameCleanliness,NameCleanliness
NameBed,NameBed
NameSoundtrack,NameSoundtrack
NameGardening,NameGardening
NameUEFA,NameUEFA
NameCrowdfunding,NameCrowdfunding
NamePrivately held company,NamePrivately held company
NameAfrobeat,NameAfrobeat
NameAll-news radio,NameAll-news radio
NameVictoria's Secret,NameVictoria's Secret
NameOnce Upon a Time (TV series),NameOnce Upon a Time (TV series)
NameVietnam,NameVietnam
NameZara Home,NameZara Home
NameHair removal,NameHair removal
NameClock,NameClock
NameClassical antiquity,NameClassical antiquity
NameExercise machine,NameExercise machine
NameAllkpop,NameAllkpop
NameKate Spade,NameKate Spade
"NameScottsdale, Arizona","NameScottsdale, Arizona"
NameBongda24h.vn,NameBongda24h.vn
NameSoap,NameSoap
NameEyebrow,NameEyebrow
NameHertha BSC,NameHertha BSC
NameHoodie,NameHoodie
NameWasted,NameWasted
NameClassical period (music),NameClassical period (music)
NamePrada,NamePrada
NamePaper,NamePaper
NameJohn Williams,NameJohn Williams
NameOutlet store,NameOutlet store
NameMasculinity,NameMasculinity
NameKickstarter,NameKickstarter
NameDancesport,NameDancesport
NameLatin jazz,NameLatin jazz
NameDisplay device,NameDisplay device
NameWeb server,NameWeb server
NameATP World Tour,NameATP World Tour
NameShiseido,NameShiseido
NameStudents' union,NameStudents' union
NameSouth Korea,NameSouth Korea
NameArizona State University,NameArizona State University
NameDAX,NameDAX
NameEurosport,NameEurosport
NameEmployment,NameEmployment
NameEnvironmental remediation,NameEnvironmental remediation
NameTroll Bóng Đá,NameTroll Bóng Đá
NameVoucher,NameVoucher
NameCoco Chanel,NameCoco Chanel
NameElliptical trainer,NameElliptical trainer
NameAvant-garde jazz,NameAvant-garde jazz
NameJazz music,NameJazz music
NameBallroom dance,NameBallroom dance
NameSunseeker,NameSunseeker
NameBath & Body Works,NameBath & Body Works
NamePerforming arts,NamePerforming arts
NameSporting News,NameSporting News
NameThermostat,NameThermostat
NameGiveMeSport,NameGiveMeSport
NameDuke Ellington,NameDuke Ellington
NameMovie theater,NameMovie theater
NamePink (Victoria's Secret),NamePink (Victoria's Secret)
NameAir freshener,NameAir freshener
NameChinese language,NameChinese language
NameTradition,NameTradition
NameNgo Thanh Van,NameNgo Thanh Van
NameHeadboard (furniture),NameHeadboard (furniture)
NameHistory of Europe,NameHistory of Europe
NameMusic genre,NameMusic genre
NameAncient Egypt,NameAncient Egypt
NameMambo (music),NameMambo (music)
NameS.L. Benfica,NameS.L. Benfica
NameChair,NameChair
NameAFC Wimbledon,NameAFC Wimbledon
NameElliptiGO,NameElliptiGO
NameGeorgia (U.S. state),NameGeorgia (U.S. state)
NameParfums Givenchy,NameParfums Givenchy
NameTVB,NameTVB
NameAmerican folk music,NameAmerican folk music
NameSkin care,NameSkin care
NameDecorative arts,NameDecorative arts
NameAtlanta,NameAtlanta
NameNovak Djokovic,NameNovak Djokovic
NameAtlanta metropolitan area,NameAtlanta metropolitan area
NameUEFA European Championship,NameUEFA European Championship
NameStationery,NameStationery
NameToms Shoes,NameToms Shoes
NameInformation,NameInformation
NameDinner theater,NameDinner theater
NameAcid jazz,NameAcid jazz
NameChanel,NameChanel
NameSelf-love,NameSelf-love
NameAshley Furniture Industries,NameAshley Furniture Industries
NamePoint of sale,NamePoint of sale
NameManila Sound,NameManila Sound
NameTravel,NameTravel
NameTable (furniture),NameTable (furniture)
NameSofa bed,NameSofa bed
NameFINA,NameFINA
NameSka,NameSka
NameVogue (magazine),NameVogue (magazine)
NameMill (grinding),NameMill (grinding)
NameAxel Witsel,NameAxel Witsel
NameSketch comedy,NameSketch comedy
NameBebe Stores,NameBebe Stores
NameRafael Nadal,NameRafael Nadal
NameG-Dragon,NameG-Dragon
NameSwing music,NameSwing music
NameKiwi Crate,NameKiwi Crate
"NameCrouching Tiger, Hidden Dragon","NameCrouching Tiger, Hidden Dragon"
Name,Online shopping
Name,Luxury goods
Name,Home Appliances
Name,Interior design
Name,Association football (Soccer)
Name,Video games
Name,Bars
Name,Entertainment
Name,Sports
Name,Shoes
Name,Western swing
Name,Moisturizer
Name,Current events
Name,Arts and music
Name,YouTube
Name,Home improvement
Name,Cooking
Name,Music
Name,Food
Name,Facebook
Name,Instagram
Name,Burberry
Name,Movies
Name,Self-esteem
Name,Cologne
Name,Fine art
Name,Children's clothing
Name,Fitness and wellness
Name,Individual
Name,Celebrity
Name,Modern furniture
Name,Physical fitness
Name,Photograph
Name,Games
Name,Opera
Name,Hair products
Name,Walking
Name,Sales promotion
Name,Android (operating system)
Name,Shopping
Name,Books
Name,Do it yourself (DIY)
Name,Retail
Name,Streetwear
Name,Housekeeping
Name,IOS
Name,Coupons
Name,Rapping
Name,Science
Name,Running Man (TV series)
Name,NhacCuaTui.com
Name,Ferrari
Name,Theatre
Name,Furniture
Name,World Wide Web
Name,Culture
Name,Dance
Name,TV reality shows
Name,Multinational corporation
Name,Wine
Name,Business
Name,Basketball
Name,Coffee
Name,Shaving
Name,Competition
Name,Aesthetics
Name,Recipes
Name,Boutiques
Name,Footwear
Name,Stand-up comedy
Name,Video
Name,Physical exercise
Name,Lacoste
Name,Smartphones
Name,Google
Name,K-pop
Name,Sunglasses
Name,Popular music
Name,Printing
Name,Taiwanese Hokkien
Name,Website
Name,Happiness
Name,T-shirt
Name,Marketing
Name,Hobby
Name,Distribution (business)
Name,English language
Name,Knowledge
Name,Restaurants
Name,Sweater
Name,Ready-to-assemble furniture
Name,Personal development
Name,Nightclubs
Name,Humour
Name,Running
Name,Learning
Name,Indiegogo
Name,News broadcasting
Name,Real Madrid C.F.
Name,Tennis
Name,Yoga
Name,Clothing
Name,IKEA
Name,Fashion accessories
Name,Mass media
Name,Breaking news
Name,Painting
Name,Versace
Name,NordicTrack
Name,Nightlife
Name,Big Bang (South Korean band)
Name,Mattress
Name,Team sport
Name,Machine
Name,Quality of life
Name,Sandal
Name,Football
Name,Mobile phones
Name,Leisure
Name,Beauty salons
Name,Manufacturing
Name,Engineering
Name,Toni Kroos
Name,Shopping malls
Name,Kate Spade New York
Name,Motivation
Name,Affiliate marketing
Name,K-pop Star
Name,Journalism
Name,Folding chair
Name,Wikipedia
Name,Handbags
Name,CrossFit
Name,Love
Name,History
Name,Computer network
Name,House party
Name,Wood
Name,Warehouse
Name,Big-box store
Name,Street fashion
Name,Sound recording and reproduction
Name,Japanese television drama
Name,Organization
Name,Hairstyle
Name,Recreation
Name,Computer hardware
Name,Sports club
Name,FC Barcelona
Name,Digital media
Name,FC Zenit Saint Petersburg
Name,La Liga
Name,Eyewear
Name,Infant bed
Name,Adidas
Name,Physical strength
Name,Cosmetics
Name,Jewelry
Name,Empowerment
Name,Social network
Name,Computing
Name,Online
Name,Wilson Sporting Goods
Name,Comedy movies
Name,Lindy Hop
Name,Advertising
Name,Web portal
Name,Coaching
Name,Personal care
Name,Bedroom furniture
Name,Self-confidence
Name,Blues music
Name,Porsche
Name,"Nike, Inc."
Name,Society
Name,Champion (sportswear)
Name,Social media
Name,Home Delivery
Name,Communication design
Name,Cuisine
Name,Uniqlo
Name,Language
Name,Kenh14.vn
Name,Mobile app
Name,The SPORT Bible
Name,Korean drama
Name,Ferruccio Lamborghini
Name,Self-awareness
Name,Detergent
Name,Ticket (admission)
Name,Sales
Name,Product design
Name,Sports equipment
Name,Medieval Times
Name,Spring cleaning
Name,"Irving, Texas"
Name,Odor
Name,Reebok
Name,Factory
Name,Candle
Name,Sportswear (activewear)
Name,Communication
Name,Well-being
Name,Home repair
Name,Architecture
Name,Bluegrass music
Name,Commercial cleaning
Name,Classical music
Name,Tom Ford
Name,Fragrances
Name,Broadcasting
Name,Design
Name,Wardrobe
Name,Economics
Name,Belgium national football team
Name,Lamborghini
Name,EnergySolutions Arena
Name,Victoria's Secret Pink
Name,Social dance
Name,Treadmill
Name,Lamborghini Huracán
Name,Time
Name,Strength training
Name,Bossa nova
Name,NBC
Name,Standard Liège
Name,Ethan Allen (furniture company)
Name,US Open (tennis)
Name,"Logan, Utah"
Name,Style Savvy
Name,Badminton
Name,Supercar
Name,Metropolitan Opera
Name,Lifestyle brand
Name,Bracelet
Name,San Antonio
Name,Garden furniture
Name,Wolfgang Amadeus Mozart
Name,Givenchy
Name,FC Bayern Munich
Name,Borussia Dortmund
Name,Electronic game
Name,Industrial design
Name,Table tennis
Name,Woman
Name,Martial arts
Name,Adventure
Name,L.L.Bean
Name,Vitra (furniture)
Name,Association of Tennis Professionals
Name,The Perfume Shop
Name,Video Clip
Name,TV
Name,Competitive dance
Name,Local news
Name,Swing (dance)
Name,Christian Dior
Name,ESPN
Name,Rich Froning Jr.
Name,David Spade
Name,Watch
Name,Tuấn Hưng
Name,Cosmetology
Name,Printmaking
Name,Ashley Furniture HomeStores
Name,Japan
Name,Cleanliness
Name,Bed
Name,Soundtrack
Name,Gardening
Name,UEFA
Name,Crowdfunding
Name,Privately held company
Name,Afrobeat
Name,All-news radio
Name,Victoria's Secret
Name,Once Upon a Time (TV series)
Name,Vietnam
Name,Zara Home
Name,Hair removal
Name,Clock
Name,Classical antiquity
Name,Exercise machine
Name,Allkpop
Name,Kate Spade
Name,"Scottsdale, Arizona"
Name,Bongda24h.vn
Name,Soap
Name,Eyebrow
Name,Hertha BSC
Name,Hoodie
Name,Wasted
Name,Classical period (music)
Name,Prada
Name,Paper
Name,John Williams
Name,Outlet store
Name,Masculinity
Name,Kickstarter
Name,Dancesport
Name,Latin jazz
Name,Display device
Name,Web server
Name,ATP World Tour
Name,Shiseido
Name,Students' union
Name,South Korea
Name,Arizona State University
Name,DAX
Name,Eurosport
Name,Employment
Name,Environmental remediation
Name,Troll Bóng Đá
Name,Voucher
Name,Coco Chanel
Name,Elliptical trainer
Name,Avant-garde jazz
Name,Jazz music
Name,Ballroom dance
Name,Sunseeker
Name,Bath & Body Works
Name,Performing arts
Name,Sporting News
Name,Thermostat
Name,GiveMeSport
Name,Duke Ellington
Name,Movie theater
Name,Pink (Victoria's Secret)
Name,Air freshener
Name,Chinese language
Name,Tradition
Name,Ngo Thanh Van
Name,Headboard (furniture)
Name,History of Europe
Name,Music genre
Name,Ancient Egypt
Name,Mambo (music)
Name,S.L. Benfica
Name,Chair
Name,AFC Wimbledon
Name,ElliptiGO
Name,Georgia (U.S. state)
Name,Parfums Givenchy
Name,TVB
Name,American folk music
Name,Skin care
Name,Decorative arts
Name,Atlanta
Name,Novak Djokovic
Name,Atlanta metropolitan area
Name,UEFA European Championship
Name,Stationery
Name,Toms Shoes
Name,Information
Name,Dinner theater
Name,Acid jazz
Name,Chanel
Name,Self-love
Name,Ashley Furniture Industries
Name,Point of sale
Name,Manila Sound
Name,Travel
Name,Table (furniture)
Name,Sofa bed
Name,FINA
Name,Ska
Name,Vogue (magazine)
Name,Mill (grinding)
Name,Axel Witsel
Name,Sketch comedy
Name,Bebe Stores
Name,Rafael Nadal
Name,G-Dragon
Name,Swing music
Name,Kiwi Crate
Name,"Crouching Tiger, Hidden Dragon"
